{"Model": "Gradient Boosting", "Accuracy": 0.8918918918918919, "Classification Report": {"Code/Spec Sheet": {"precision": 0.75, "recall": 0.75, "f1-score": 0.75, "support": 12.0}, "Construction Sheet": {"precision": 0.8863636363636364, "recall": 0.9512195121951219, "f1-score": 0.9176470588235294, "support": 41.0}, "MEP Sheet": {"precision": 1.0, "recall": 0.8571428571428571, "f1-score": 0.9230769230769231, "support": 21.0}, "accuracy": 0.8918918918918919, "macro avg": {"precision": 0.8787878787878788, "recall": 0.8527874564459931, "f1-score": 0.8635746606334841, "support": 74.0}, "weighted avg": {"precision": 0.8964987714987716, "recall": 0.8918918918918919, "f1-score": 0.8920019567078391, "support": 74.0}}}